CRP,ST_CD,FLD,Region,YR,FG,T3,T3_DOY,T2,T2_DOY,T1,T1_DOY,PLT_DT,PLT_DOY,HARV_DT,HARV_DOY
17,TF,TF70,NA,2022,TF22NEW,,,5/5/2022,125,4/18/2022,108,3/29/2022,88,8/5/2022,217
17,TF,TF21,NA,2022,TF22NEWB,,,5/5/2022,125,,,3/29/2022,88,8/6/2022,218
17,TF,TF45,NA,2022,TF22NEWB,,,5/5/2022,125,,,3/29/2022,88,8/6/2022,218
17,TF,TF59,NA,2022,TF22TOMC,,,5/6/2022,126,4/18/2022,108,3/29/2022,88,8/3/2022,215
17,TF,TF14,NA,2022,TF22HEGS,,,5/17/2022,137,4/26/2022,116,4/11/2022,101,8/16/2022,228
17,TF,TF39,NA,2022,TF22HEGS,,,5/17/2022,137,4/26/2022,116,4/11/2022,101,8/16/2022,228
17,PR,PR103,NA,2022,PRCYTEDS,8/9/2022,221,6/13/2022,164,5/19/2022,139,4/28/2022,118,9/28/2022,271
17,PR,PR88,NA,2022,PRCYBONU,8/4/2022,216,6/16/2022,167,5/24/2022,144,5/9/2022,129,9/27/2022,270
17,PR,PR98,NA,2022,PRCYLONG,,,6/17/2022,168,6/2/2022,153,5/12/2022,132,10/3/2022,276
17,PR,PR119,NA,2022,PRCYLONG,,,6/17/2022,168,6/2/2022,153,5/12/2022,132,10/3/2022,276
17,JV,JV86,NA,2022,JVC22NWT,8/9/2022,221,6/20/2022,171,5/29/2022,149,5/9/2022,129,10/5/2022,278
17,JV,JV88,NA,2022,JVC22NWT,8/9/2022,221,6/20/2022,171,5/29/2022,149,5/9/2022,129,10/8/2022,281
17,PR,PR91,NA,2022,PRCYGERM,,,6/21/2022,172,5/26/2022,146,5/10/2022,130,10/2/2022,275
17,PR,PR111,NA,2022,PRCYGERM,,,6/21/2022,172,5/26/2022,146,5/10/2022,130,10/2/2022,275
17,PR,PR96,NA,2022,PRCYKNOB,8/1/2022,213,6/24/2022,175,6/3/2022,154,5/13/2022,133,10/6/2022,279
17,PR,PR117,NA,2022,PRCYKNOB,8/1/2022,213,6/24/2022,175,6/3/2022,154,5/13/2022,133,10/6/2022,279
17,PR,PR101,NA,2022,PRCYMILL,8/4/2022,216,6/24/2022,175,5/31/2022,151,5/10/2022,130,10/8/2022,281
17,PR,PR121,NA,2022,PRCYMILL,8/4/2022,216,6/24/2022,175,5/31/2022,151,5/10/2022,130,10/8/2022,281
17,PR,PR93,NA,2022,PRCYHEAT,8/9/2022,221,6/24/2022,175,6/3/2022,154,5/19/2022,139,10/19/2022,292
17,PR,PR114,NA,2022,PRCYHEAT,8/9/2022,221,6/24/2022,175,6/3/2022,154,5/19/2022,139,10/19/2022,292
17,PR,PR94,NA,2022,PRCYKING,8/10/2022,222,6/24/2022,175,6/1/2022,152,5/11/2022,131,10/9/2022,282
17,PR,PR115,NA,2022,PRCYKING,8/10/2022,222,6/24/2022,175,6/1/2022,152,5/11/2022,131,10/10/2022,283
17,JV,JV43,NA,2022,JVS22ARS,8/10/2022,222,6/29/2022,180,6/7/2022,158,5/12/2022,132,9/19/2022,262
17,JV,JV55,NA,2022,JVS22ARS,8/10/2022,222,6/29/2022,180,6/7/2022,158,5/12/2022,132,9/20/2022,263
17,JV,JV71,NA,2022,JVC22ARL,8/10/2022,222,6/29/2022,180,6/7/2022,158,5/13/2022,133,10/20/2022,293
17,JV,JV104,NA,2022,JVC22ARL,8/10/2022,222,6/29/2022,180,6/7/2022,158,5/13/2022,133,10/20/2022,293
17,JV,JV82,NA,2022,JVC22GEN,8/10/2022,222,6/30/2022,181,6/9/2022,160,5/16/2022,136,10/17/2022,290
17,JV,JV96,NA,2022,JVC22WAL,8/10/2022,222,6/30/2022,181,6/9/2022,160,5/17/2022,137,10/19/2022,292
17,JV,JV117,NA,2022,JVC22GEN,8/10/2022,222,6/30/2022,181,6/9/2022,160,5/16/2022,136,10/17/2022,290
17,JV,JV137,NA,2022,JVC22WAL,8/10/2022,222,6/30/2022,181,6/9/2022,160,5/17/2022,137,10/19/2022,292
17,JV,JV156,NA,2022,JVC2INMT,,,6/30/2022,181,6/5/2022,156,5/13/2022,133,11/1/2022,305
17,JV,JV45,NA,2022,JVS22EDS,8/11/2022,223,7/1/2022,182,6/9/2022,160,5/13/2022,133,9/26/2022,269
17,JV,JV58,NA,2022,JVS22EDS,8/11/2022,223,7/1/2022,182,6/9/2022,160,5/13/2022,133,9/23/2022,266
17,JV,JV76,NA,2022,JVC22JEF,8/12/2022,224,7/1/2022,182,6/7/2022,158,5/14/2022,134,10/11/2022,284
17,JV,JV84,NA,2022,JVC22JEF,8/12/2022,224,7/1/2022,182,6/7/2022,158,5/14/2022,134,10/10/2022,283
17,JV,JV103,NA,2022,JVC22JEF,8/12/2022,224,7/1/2022,182,6/7/2022,158,5/14/2022,134,10/23/2022,296
17,JV,JV92,NA,2022,JVC22SHU,8/16/2022,228,7/1/2022,182,6/9/2022,160,5/15/2022,135,10/12/2022,285
17,JV,JV125,NA,2022,JVC22SHU,8/16/2022,228,7/1/2022,182,6/9/2022,160,5/15/2022,135,10/12/2022,285
17,JV,JV74,NA,2022,JVC22COB,8/11/2022,223,7/5/2022,186,6/13/2022,164,5/14/2022,134,10/14/2022,287
17,JV,JV112,NA,2022,JVC22COB,8/11/2022,223,7/5/2022,186,6/13/2022,164,5/14/2022,134,10/15/2022,288
17,JV,JV78,NA,2022,JVC22FOR,8/15/2022,227,7/6/2022,187,6/11/2022,162,5/20/2022,140,10/13/2022,286
17,JV,JV113,NA,2022,JVC22FOR,8/15/2022,227,7/6/2022,187,6/11/2022,162,5/20/2022,140,10/13/2022,286
17,JV,JV94,NA,2022,JVC22STO,8/16/2022,228,7/6/2022,187,6/15/2022,166,5/23/2022,143,10/19/2022,292
17,JV,JV127,NA,2022,JVC22STO,8/16/2022,228,7/6/2022,187,6/15/2022,166,5/23/2022,143,10/19/2022,292
17,JV,JV67,NA,2022,JVC22JV2,8/9/2022,221,7/7/2022,188,6/9/2022,160,5/17/2022,137,10/18/2022,291
17,JV,JV99,NA,2022,JVC22JV2,8/9/2022,221,7/7/2022,188,6/9/2022,160,5/17/2022,137,10/18/2022,291
17,JV,JV53,NA,2022,JVC22RIP,8/12/2022,224,7/7/2022,188,6/15/2022,166,5/19/2022,139,9/20/2022,263
17,JV,JV64,NA,2022,JVC22RIP,8/12/2022,224,7/7/2022,188,6/15/2022,166,5/19/2022,139,9/20/2022,263
17,JV,JV47,NA,2022,JVC22FOX,8/23/2022,235,7/7/2022,188,6/15/2022,166,5/23/2022,143,9/21/2022,264
17,JV,JV60,NA,2022,JVC22FOX,8/23/2022,235,7/7/2022,188,6/15/2022,166,5/23/2022,143,9/26/2022,269
17,JV,JV80,NA,2022,JVC22FOX,8/23/2022,235,7/7/2022,188,6/15/2022,166,5/23/2022,143,10/22/2022,295
17,JV,JV115,NA,2022,JVC22FOX,8/23/2022,235,7/7/2022,188,6/15/2022,166,5/23/2022,143,10/22/2022,295
17,TF,TF19,NA,2023,TF23MCKY,6/14/2023,530,4/25/2023,480,4/7/2023,462,3/23/2023,447,8/3/2023,580
17,TF,TF69,NA,2023,TF23MCK,,,4/25/2023,480,4/7/2023,462,3/23/2023,447,8/2/2023,579
17,TF,TF79,NA,2023,TF23WDR,,,5/17/2023,502,4/25/2023,480,4/10/2023,465,8/14/2023,591
17,SV,SV85,NA,2023,SVCEXT23,7/20/2023,566,5/22/2023,507,4/14/2023,469,3/22/2023,446,8/10/2023,587
17,SV,SV95,NA,2023,SVCVDL23,7/20/2023,566,5/22/2023,507,4/14/2023,469,3/28/2023,452,8/11/2023,588
17,SV,SV108,NA,2023,SVCEXT23,7/20/2023,566,5/22/2023,507,4/14/2023,469,3/22/2023,446,8/10/2023,587
17,SV,SV123,NA,2023,SVCVDL23,7/20/2023,566,5/22/2023,507,4/14/2023,469,3/28/2023,452,8/11/2023,588
17,SV,SV89,NA,2023,SVCNIP23,7/27/2023,573,5/22/2023,507,4/19/2023,474,3/30/2023,454,8/17/2023,594
17,SV,SV117,NA,2023,SVCNIP23,7/27/2023,573,5/22/2023,507,4/19/2023,474,3/30/2023,454,8/18/2023,595
17,SV,SV80,NA,2023,SVCCAR23,8/11/2023,588,5/22/2023,507,4/19/2023,474,3/31/2023,455,8/15/2023,592
17,SV,SV101,NA,2023,SVCCAR23,8/11/2023,588,5/22/2023,507,4/19/2023,474,3/31/2023,455,8/15/2023,592
17,SV,SV91,NA,2023,SVCSHE23,8/2/2023,579,5/25/2023,510,4/24/2023,479,3/30/2023,454,8/25/2023,602
17,SV,SV120,NA,2023,SVCSHE23,8/2/2023,579,5/25/2023,510,4/24/2023,479,3/30/2023,454,8/25/2023,602
17,SV,SV132,NA,2023,SVCY08FRM11T,8/2/2023,579,5/25/2023,510,4/24/2023,479,3/30/2023,454,8/23/2023,600
17,SV,SV84,NA,2023,SVCEUD23,7/28/2023,574,5/31/2023,516,5/8/2023,493,4/14/2023,469,8/19/2023,596
17,SV,SV107,NA,2023,SVCEUD23,7/28/2023,574,5/31/2023,516,5/8/2023,493,4/14/2023,469,8/19/2023,596
17,SV,SV97,NA,2023,SVCELZ23,,,6/6/2023,522,5/10/2023,495,4/20/2023,475,8/18/2023,595
17,SV,SV125,NA,2023,SVCELZ23,,,6/6/2023,522,5/10/2023,495,4/20/2023,475,8/17/2023,594
17,PR,PR153,NA,2023,PRCYWOES,,,6/7/2023,523,5/19/2023,504,4/27/2023,482,10/24/2023,662
17,PR,PR100,NA,2023,PRCYMAZO,7/31/2023,577,6/9/2023,525,5/18/2023,503,4/27/2023,482,9/18/2023,626
17,PR,PR141,NA,2023,PRCYKOCH,,,6/9/2023,525,5/17/2023,502,4/26/2023,481,10/3/2023,641
17,PR,PR140,NA,2023,PRCYHUMP,,,6/9/2023,525,5/18/2023,503,4/29/2023,484,9/26/2023,634
17,PR,PR147,NA,2023,PRCYRINK,,,6/9/2023,525,5/18/2023,503,4/27/2023,482,9/20/2023,628
17,SV,SV83,NA,2023,SVCEPP23,7/28/2023,574,6/12/2023,528,5/8/2023,493,4/18/2023,473,8/22/2023,599
17,SV,SV106,NA,2023,SVCEPP23,7/28/2023,574,6/12/2023,528,5/8/2023,493,4/18/2023,473,8/22/2023,599
17,PR,PR99,NA,2023,PRCYLONG,7/31/2023,577,6/12/2023,528,5/24/2023,509,5/4/2023,489,9/25/2023,633
17,PR,PR120,NA,2023,PRCYLONG,7/31/2023,577,6/12/2023,528,5/24/2023,509,5/4/2023,489,9/28/2023,636
17,PR,PR104,NA,2023,PRCYTEDS,8/2/2023,579,6/12/2023,528,5/23/2023,508,5/3/2023,488,9/29/2023,637
17,PR,PR102,NA,2023,PRCYMILL,8/4/2023,581,6/12/2023,528,5/23/2023,508,5/3/2023,488,10/7/2023,645
17,PR,PR122,NA,2023,PRCYMILL,8/4/2023,581,6/12/2023,528,5/23/2023,508,5/3/2023,488,10/7/2023,645
17,PR,PR145,NA,2023,PRCYMUSK,,,6/12/2023,528,,,5/3/2023,488,10/21/2023,659
17,PR,PR92,NA,2023,PRCYGERM,8/2/2023,579,6/13/2023,529,5/24/2023,509,5/5/2023,490,9/29/2023,637
17,PR,PR112,NA,2023,PRCYGERM,8/2/2023,579,6/13/2023,529,5/24/2023,509,5/5/2023,490,9/30/2023,638
17,PR,PR97,NA,2023,PRCYKNOB,8/3/2023,580,6/13/2023,529,5/23/2023,508,5/4/2023,489,10/9/2023,647
17,PR,PR118,NA,2023,PRCYKNOB,8/3/2023,580,6/13/2023,529,5/23/2023,508,5/4/2023,489,10/9/2023,647
17,PR,PR131,NA,2023,PRCYCONR,,,6/13/2023,529,5/24/2023,509,5/5/2023,490,10/1/2023,639
17,PR,PR143,NA,2023,PRCYMONI,,,6/13/2023,529,,,5/6/2023,491,11/9/2023,678
17,PR,PR89,NA,2023,PRCYBRAD,8/3/2023,580,6/14/2023,530,5/25/2023,510,5/6/2023,491,10/3/2023,641
17,PR,PR109,NA,2023,PRCYBRAD,8/3/2023,580,6/14/2023,530,5/25/2023,510,5/6/2023,491,10/5/2023,643
17,SV,SV87,NA,2023,SVCMON23,8/18/2023,595,6/16/2023,532,5/16/2023,501,4/19/2023,474,8/29/2023,606
17,SV,SV113,NA,2023,SVCMON23,8/18/2023,595,6/16/2023,532,5/16/2023,501,4/19/2023,474,8/29/2023,606
17,JV,JV69,NA,2023,JVC23LEA,8/9/2023,586,6/19/2023,535,5/30/2023,515,5/5/2023,490,10/4/2023,642
17,JV,JV83,NA,2023,JVC23GEN,8/7/2023,584,6/20/2023,536,5/30/2023,515,5/5/2023,490,10/7/2023,645
17,JV,JV118,NA,2023,JVC23GEN,8/7/2023,584,6/20/2023,536,5/30/2023,515,5/5/2023,490,10/7/2023,645
17,PR,PR95,NA,2023,PRCYKING,8/4/2023,581,6/21/2023,537,6/2/2023,518,5/13/2023,498,10/19/2023,657
17,PR,PR116,NA,2023,PRCYKING,8/4/2023,581,6/21/2023,537,6/2/2023,518,5/13/2023,498,10/20/2023,658
17,JV,JV51,NA,2023,JVS23JVS,8/9/2023,586,6/21/2023,537,5/23/2023,508,4/28/2023,483,8/29/2023,606
17,JV,JV63,NA,2023,JVS23JVS,8/9/2023,586,6/21/2023,537,5/23/2023,508,4/28/2023,483,8/29/2023,606
17,PR,PR129,NA,2023,PRCYBOCK,,,6/21/2023,537,5/29/2023,514,5/11/2023,496,11/8/2023,677
17,PR,PR138,NA,2023,PRCYGROE,,,6/21/2023,537,5/29/2023,514,5/11/2023,496,11/7/2023,676
17,PR,PR151,NA,2023,PRCYWILL,,,6/21/2023,537,5/29/2023,514,5/11/2023,496,10/17/2023,655
17,JV,JV75,NA,2023,JVC23COB,8/18/2023,595,6/22/2023,538,5/31/2023,516,5/3/2023,488,10/8/2023,646
17,JV,JV111,NA,2023,JVC23COB,8/18/2023,595,6/22/2023,538,5/31/2023,516,5/3/2023,488,10/7/2023,645
17,JV,JV46,NA,2023,JVS23EDS,,,6/22/2023,538,,,5/4/2023,489,9/2/2023,610
17,JV,JV59,NA,2023,JVS23EDS,,,6/22/2023,538,,,5/4/2023,489,9/2/2023,610
17,JV,JV79,NA,2023,JVC23FOR,8/18/2023,595,6/23/2023,539,5/26/2023,511,5/2/2023,487,10/19/2023,657
17,JV,JV114,NA,2023,JVC23FOR,8/18/2023,595,6/23/2023,539,5/26/2023,511,5/2/2023,487,10/19/2023,657
17,JV,JV54,NA,2023,JVS23RSL,8/21/2023,598,6/23/2023,539,6/5/2023,521,5/13/2023,498,9/1/2023,609
17,JV,JV65,NA,2023,JVS23RSL,8/21/2023,598,6/23/2023,539,6/5/2023,521,5/13/2023,498,9/1/2023,609
17,JV,JV91,NA,2023,JVC23ROS,8/21/2023,598,6/23/2023,539,6/5/2023,521,5/13/2023,498,10/11/2023,649
17,JV,JV124,NA,2023,JVC23ROS,8/21/2023,598,6/23/2023,539,6/5/2023,521,5/13/2023,498,10/11/2023,649
17,JV,JV93,NA,2023,JVC23SHU,8/10/2023,587,6/26/2023,542,5/26/2023,511,5/4/2023,489,9/30/2023,638
17,JV,JV126,NA,2023,JVC23SHU,8/10/2023,587,6/26/2023,542,5/26/2023,511,5/4/2023,489,9/29/2023,637
17,JV,JV87,NA,2023,JVC23NWT,8/25/2023,602,6/27/2023,543,5/30/2023,515,5/6/2023,491,10/7/2023,645
17,JV,JV89,NA,2023,JVC23NWT,8/25/2023,602,6/27/2023,543,5/30/2023,515,5/6/2023,491,10/9/2023,647
17,JV,JV120,NA,2023,JVC23NWT,8/25/2023,602,6/27/2023,543,5/30/2023,515,5/6/2023,491,10/9/2023,647
17,PR,PR81,NA,2023,PRCBDC1A,,,6/30/2023,546,6/7/2023,523,5/24/2023,509,10/2/2023,640
17,JV,JV72,NA,2023,JVC23ARL,8/8/2023,585,7/3/2023,549,6/5/2023,521,5/11/2023,496,10/16/2023,654
17,JV,JV105,NA,2023,JVC23ARL,8/8/2023,585,7/3/2023,549,6/5/2023,521,5/11/2023,496,10/16/2023,654
17,JV,JV48,NA,2023,JVC23FOX,8/21/2023,598,7/5/2023,551,6/6/2023,522,5/12/2023,497,9/6/2023,614
17,JV,JV61,NA,2023,JVC23FOX,8/21/2023,598,7/5/2023,551,6/6/2023,522,5/12/2023,497,9/9/2023,617
17,JV,JV81,NA,2023,JVC23FOX,8/21/2023,598,7/5/2023,551,6/6/2023,522,5/12/2023,497,10/16/2023,654
17,JV,JV116,NA,2023,JVC23FOX,8/21/2023,598,7/5/2023,551,6/6/2023,522,5/12/2023,497,10/16/2023,654
17,JV,JV95,NA,2023,JVC23STO,8/15/2023,592,7/6/2023,552,,,5/7/2023,492,10/3/2023,641
17,JV,JV128,NA,2023,JVC23STO,8/15/2023,592,7/6/2023,552,,,5/7/2023,492,10/3/2023,641
17,JV,JV85,NA,2023,JVC23JEF,8/15/2023,592,7/7/2023,553,6/8/2023,524,5/17/2023,502,10/10/2023,648
17,JV,JV122,NA,2023,JVC23JEF,8/15/2023,592,7/7/2023,553,6/8/2023,524,5/17/2023,502,10/10/2023,648
17,JV,JV57,NA,2023,JVC3BARR,10/6/2023,644,7/10/2023,556,6/9/2023,525,5/17/2023,502,9/19/2023,627
17,JV,JV73,NA,2023,JVC3BARR,10/6/2023,644,7/10/2023,556,6/9/2023,525,5/17/2023,502,10/30/2023,668
17,JV,JV108,NA,2023,JVC3BARR,10/6/2023,644,7/10/2023,556,6/9/2023,525,5/17/2023,502,10/30/2023,668
17,JV,JV77,NA,2023,JVC23EDM,8/16/2023,593,7/13/2023,559,5/31/2023,516,5/4/2023,489,10/9/2023,647
17,JV,JV97,NA,2023,JVC23WAL,8/7/2023,584,7/14/2023,560,5/30/2023,515,5/6/2023,491,10/17/2023,655
17,JV,JV98,NA,2023,JVC23WAL,8/7/2023,584,7/14/2023,560,5/30/2023,515,5/6/2023,491,10/18/2023,656
17,JV,JV138,NA,2023,JVC23WAL,8/7/2023,584,7/14/2023,560,5/30/2023,515,5/6/2023,491,10/17/2023,655
17,JV,JV139,NA,2023,JVC23WAL,8/7/2023,584,7/14/2023,560,5/30/2023,515,5/6/2023,491,10/17/2023,655
17,JV,JV66,NA,2023,JVC23JVH,8/2/2023,579,10/3/2023,641,6/6/2023,522,5/7/2023,492,10/5/2023,643
17,JV,JV68,NA,2023,JVC23JVH,8/2/2023,579,10/3/2023,641,6/6/2023,522,5/7/2023,492,10/4/2023,642
17,JV,JV100,NA,2023,JVC23JVH,8/2/2023,579,10/3/2023,641,6/6/2023,522,5/7/2023,492,10/5/2023,643
17,TF,TF18,NA,2022,TF22MCKY,6/6/2022,157,,,4/19/2022,109,3/28/2022,87,8/17/2022,229
17,TF,TF16,NA,2022,TF22HERD,6/7/2022,158,,,4/15/2022,105,3/28/2022,87,7/27/2022,208
17,TF,TF41,NA,2022,TF22HERD,6/7/2022,158,,,4/15/2022,105,3/28/2022,87,7/27/2022,208
17,TF,TF13,NA,2022,TF22GODW,6/7/2022,158,,,4/22/2022,112,4/4/2022,94,8/3/2022,215
17,TF,TF38,NA,2022,TF22GODW,6/7/2022,158,,,4/22/2022,112,4/4/2022,94,8/3/2022,215
17,TF,TF32,NA,2022,TF22ADAM,6/8/2022,159,,,4/19/2022,109,3/30/2022,89,8/3/2022,215
17,TF,TF57,NA,2022,TF22ADAM,6/8/2022,159,,,4/19/2022,109,3/30/2022,89,8/3/2022,215
17,TF,TF28,NA,2022,TF22TOMD,6/9/2022,160,,,4/21/2022,111,4/4/2022,94,8/3/2022,215
17,TF,TF51,NA,2022,TF22TOMD,6/9/2022,160,,,4/21/2022,111,4/4/2022,94,8/3/2022,215
17,TF,TF23,NA,2022,TF22OSTN,6/15/2022,166,,,4/27/2022,117,4/11/2022,101,8/19/2022,231
17,TF,TF47,NA,2022,TF22OSTN,6/15/2022,166,,,4/27/2022,117,4/11/2022,101,8/19/2022,231
17,TF,TF17,NA,2022,TF22INTE,6/16/2022,167,,,4/28/2022,118,4/11/2022,101,8/15/2022,227
17,TF,TF30,NA,2022,TF22WDIR,6/16/2022,167,,,4/28/2022,118,4/13/2022,103,8/15/2022,227
17,TF,TF42,NA,2022,TF22WDIR,6/16/2022,167,,,4/28/2022,118,4/13/2022,103,8/15/2022,227
17,TF,TF53,NA,2022,TF22WDIR,6/16/2022,167,,,4/28/2022,118,4/13/2022,103,8/15/2022,227
17,TF,TF55,NA,2022,TF22WDIR,6/16/2022,167,,,4/28/2022,118,4/13/2022,103,8/22/2022,234
17,TF,TF25,NA,2022,TF22REGU,6/17/2022,168,,,4/28/2022,118,4/12/2022,102,8/19/2022,231
17,TF,TF49,NA,2022,TF22REGU,6/17/2022,168,,,4/28/2022,118,4/12/2022,102,8/19/2022,231
17,TF,TF36,NA,2022,TF22WDLM,6/20/2022,171,,,,,4/10/2022,100,8/5/2022,217
17,TF,TF61,NA,2022,TF22WDLM,6/20/2022,171,,,,,4/10/2022,100,8/5/2022,217
17,PR,PR87,NA,2022,PRCYBOHM,7/29/2022,210,,,5/19/2022,139,4/29/2022,119,9/27/2022,270
17,PR,PR90,NA,2022,PRCYBRIM,7/29/2022,210,,,6/14/2022,165,4/29/2022,119,9/19/2022,262
17,PR,PR110,NA,2022,PRCYBRIM,7/29/2022,210,,,6/14/2022,165,4/29/2022,119,9/20/2022,263
17,JV,JV50,NA,2022,JVS22JVL,8/9/2022,221,,,6/3/2022,154,5/10/2022,130,9/10/2022,253
17,PR,PR105,NA,2022,PRCYSHAS,8/11/2022,223,,,6/5/2022,156,5/14/2022,134,10/13/2022,286
17,TF,TF33,NA,2023,TF23ADAM,6/13/2023,529,,,,,3/24/2023,448,8/1/2023,578
17,TF,TF56,NA,2023,TF23ADAM,6/13/2023,529,,,,,3/24/2023,448,8/1/2023,578
17,TF,TF29,NA,2023,TF23TOMG,6/14/2023,530,,,4/24/2023,479,4/7/2023,462,8/5/2023,582
17,TF,TF52,NA,2023,TF23TOMG,6/14/2023,530,,,4/24/2023,479,4/7/2023,462,8/4/2023,581
17,TF,TF35,NA,2023,TF23WLIM,6/14/2023,530,,,4/25/2023,480,4/10/2023,465,8/17/2023,594
17,TF,TF60,NA,2023,TF23WLIM,6/14/2023,530,,,4/25/2023,480,4/10/2023,465,8/15/2023,592
17,TF,TF31,NA,2023,TF23WIRR,6/14/2023,530,,,4/28/2023,483,4/15/2023,470,8/18/2023,595
17,TF,TF54,NA,2023,TF23WIRR,6/14/2023,530,,,4/28/2023,483,4/15/2023,470,8/17/2023,594
17,TF,TF22,NA,2023,TF23NEWB,6/22/2023,538,,,4/10/2023,465,3/24/2023,448,8/7/2023,584
17,TF,TF46,NA,2023,TF23NEWB,6/22/2023,538,,,4/10/2023,465,3/24/2023,448,8/7/2023,584
17,TF,TF37,NA,2023,TF23WILG,6/22/2023,538,,,4/27/2023,482,4/12/2023,467,8/22/2023,599
17,TF,TF63,NA,2023,TF23WILG,6/22/2023,538,,,4/27/2023,482,4/12/2023,467,8/22/2023,599
17,TF,TF73,NA,2023,TF23OST,6/26/2023,542,,,,,3/30/2023,454,8/9/2023,586
17,TF,TF15,NA,2023,TF23HEGS,6/29/2023,545,,,4/27/2023,482,4/12/2023,467,8/23/2023,600
17,TF,TF40,NA,2023,TF23HEGS,6/29/2023,545,,,4/27/2023,482,4/12/2023,467,8/23/2023,600
17,TF,TF24,NA,2023,TF23OSTN,7/12/2023,558,,,4/14/2023,469,3/30/2023,454,8/10/2023,587
17,TF,TF48,NA,2023,TF23OSTN,7/12/2023,558,,,4/14/2023,469,3/30/2023,454,8/9/2023,586
17,PR,PR108,NA,2023,PRCYBOHM,8/2/2023,579,,,5/25/2023,510,5/5/2023,490,10/3/2023,641
17,JV,JV152,NA,2023,JVC3BUDD,8/10/2023,587,,,5/26/2023,511,4/28/2023,483,9/30/2023,638
17,PR,PR133,NA,2023,PRCYDAUG,8/13/2023,590,,,6/5/2023,521,5/18/2023,503,10/20/2023,658
17,TF,TF68,NA,2022,TF22HRD,,,,,4/15/2022,105,3/28/2022,87,7/27/2022,208
17,TF,TF62,NA,2022,TF22WRED,,,,,4/21/2022,111,4/4/2022,94,8/1/2022,213
17,TF,TF74,NA,2022,TF22TOM,,,,,4/21/2022,111,3/29/2022,88,8/2/2022,214
17,TF,TF66,NA,2022,TF22HEG,,,,,4/26/2022,116,4/11/2022,101,8/16/2022,228
17,TF,TF72,NA,2022,TF22OST,,,,,4/27/2022,117,4/11/2022,101,8/19/2022,231
17,PR,PR130,NA,2022,PRCYCONR,,,,,5/27/2022,147,5/10/2022,130,10/10/2022,283
17,PR,PR139,NA,2022,PRCYHUMP,,,,,5/27/2022,147,5/2/2022,122,9/27/2022,270
17,PR,PR152,NA,2022,PRCYWOES,,,,,5/31/2022,151,5/11/2022,131,10/21/2022,294
17,JV,JV158,NA,2022,JVC2KLIT,,,,,6/1/2022,152,5/9/2022,129,10/31/2022,304
17,JV,JV166,NA,2022,JVC2MURT,,,,,6/1/2022,152,5/7/2022,127,10/29/2022,302
35,JV,JV5,NA,2022,JVB22JVL,,,,,6/5/2022,156,5/12/2022,132,10/6/2022,279
35,JV,JV14,NA,2022,JVB22JVL,,,,,6/5/2022,156,5/12/2022,132,10/4/2022,277
35,JV,JV15,NA,2022,JVB22JVL,,,,,6/5/2022,156,5/12/2022,132,10/5/2022,278
17,PR,PR79,NA,2022,PRCB1SHA,,,,,6/5/2022,156,5/14/2022,134,10/13/2022,286
17,JV,JV147,NA,2022,JVC2BIRT,,,,,6/6/2022,157,5/11/2022,131,11/1/2022,305
17,JV,JV179,NA,2022,JVC2WALT,,,,,6/6/2022,157,5/12/2022,132,11/8/2022,312
17,PR,PR142,NA,2022,PRCYMONI,,,,,6/6/2022,157,5/14/2022,134,10/4/2022,277
35,JV,JV3,NA,2022,JVB22ARL,,,,,6/7/2022,158,5/11/2022,131,10/16/2022,289
35,JV,JV10,NA,2022,JVB22ARL,,,,,6/7/2022,158,5/11/2022,131,10/10/2022,283
35,JV,JV11,NA,2022,JVB22ARL,,,,,6/7/2022,158,5/11/2022,131,10/11/2022,284
17,PR,PR137,NA,2022,PRCYGROE,,,,,6/7/2022,158,5/16/2022,136,10/24/2022,297
17,PR,PR144,NA,2022,PRCYMUSK,,,,,6/8/2022,159,5/20/2022,140,10/13/2022,286
17,PR,PR136,NA,2022,PRCYGLEN,,,,,6/9/2022,160,5/23/2022,143,11/22/2022,326
17,JV,JV149,NA,2022,JVC2BODT,,,,,6/10/2022,161,5/15/2022,135,11/3/2022,307
17,JV,JV154,NA,2022,JVC2HOYT,,,,,6/13/2022,164,5/16/2022,136,10/23/2022,296
17,TF,TF75,NA,2023,TF23TOM,,,,,3/29/2023,453,3/8/2023,432,7/27/2023,573
17,TF,TF65,NA,2023,TF23ADM,,,,,4/3/2023,458,3/14/2023,438,7/26/2023,572
17,TF,TF71,NA,2023,TF23NEW,,,,,4/4/2023,459,3/16/2023,440,8/1/2023,578
17,TF,TF34,NA,2023,TF23BARB,,,,,4/19/2023,474,4/6/2023,461,8/16/2023,593
17,TF,TF58,NA,2023,TF23BARB,,,,,4/19/2023,474,4/6/2023,461,8/16/2023,593
17,SV,SV128,NA,2023,SVCY08FDA01T,,,,,4/25/2023,480,3/30/2023,454,8/30/2023,607
17,TF,TF43,NA,2023,TF23HXHT,,,,,4/26/2023,481,4/10/2023,465,8/18/2023,595
17,TF,TF20,NA,2023,TF23MORE,,,,,4/28/2023,483,4/15/2023,470,8/22/2023,599
17,TF,TF44,NA,2023,TF23MORE,,,,,4/28/2023,483,4/15/2023,470,8/22/2023,599
35,SV,SV3,NA,2023,SVBCAR23,,,,,5/22/2023,507,4/24/2023,479,9/11/2023,619
35,SV,SV30,NA,2023,SVBVDL23,,,,,5/22/2023,507,4/24/2023,479,9/21/2023,629
35,SV,SV35,NA,2023,SVBCAR23,,,,,5/22/2023,507,4/24/2023,479,9/11/2023,619
35,SV,SV43,NA,2023,SVBEPP23,,,,,5/22/2023,507,4/18/2023,473,9/7/2023,615
35,SV,SV54,NA,2023,SVBVDL23,,,,,5/22/2023,507,4/24/2023,479,9/21/2023,629
35,JV,JV1,NA,2023,JVB23ARL,,,,,5/24/2023,509,4/28/2023,483,10/10/2023,648
35,JV,JV2,NA,2023,JVB23ARL,,,,,5/24/2023,509,4/28/2023,483,10/16/2023,654
35,JV,JV8,NA,2023,JVB23ARL,,,,,5/24/2023,509,4/28/2023,483,10/10/2023,648
35,JV,JV9,NA,2023,JVB23ARL,,,,,5/24/2023,509,4/28/2023,483,10/10/2023,648
35,JV,JV4,NA,2023,JVB23JVL,,,,,5/25/2023,510,4/27/2023,482,10/4/2023,642
35,JV,JV12,NA,2023,JVB23JVL,,,,,5/25/2023,510,4/27/2023,482,10/3/2023,641
35,JV,JV13,NA,2023,JVB23JVL,,,,,5/25/2023,510,4/27/2023,482,10/2/2023,640
35,SV,SV24,NA,2023,SVBSHE23,,,,,5/25/2023,510,5/4/2023,489,9/27/2023,635
35,SV,SV50,NA,2023,SVBSHE23,,,,,5/25/2023,510,5/4/2023,489,9/27/2023,635
17,JV,JV167,NA,2023,JVC3MURR,,,,,5/26/2023,511,4/26/2023,481,10/24/2023,662
35,PR,PR28,NA,2023,PRBYNWYM,,,,,5/30/2023,515,4/21/2023,476,10/2/2023,640
35,PR,PR50,NA,2023,PRBYNWYM,,,,,5/30/2023,515,4/21/2023,476,10/2/2023,640
35,SV,SV6,NA,2023,SVBDUM23,,,,,5/31/2023,516,5/4/2023,489,9/20/2023,628
35,SV,SV38,NA,2023,SVBDUM23,,,,,5/31/2023,516,5/4/2023,489,9/20/2023,628
17,JV,JV129,NA,2023,JVC3TGKC,,,,,6/2/2023,518,4/13/2023,468,10/2/2023,640
17,JV,JV132,NA,2023,JVC3THFC,,,,,6/2/2023,518,4/13/2023,468,9/25/2023,633
17,JV,JV134,NA,2023,JVC3TSCM,,,,,6/2/2023,518,4/27/2023,482,10/2/2023,640
35,PR,PR12,NA,2023,PRBYNDIX,,,,,6/2/2023,518,4/28/2023,483,10/10/2023,648
35,PR,PR21,NA,2023,PRBYNMIL,,,,,6/2/2023,518,4/27/2023,482,10/8/2023,646
35,PR,PR32,NA,2023,PRBYNDIX,,,,,6/2/2023,518,4/28/2023,483,10/10/2023,648
35,PR,PR42,NA,2023,PRBYNMIL,,,,,6/2/2023,518,4/27/2023,482,10/8/2023,646
17,PR,PR80,NA,2023,PRCB1SHA,,,,,6/2/2023,518,5/17/2023,502,11/2/2023,671
35,SV,SV10,NA,2023,SVBELZ23,,,,,6/2/2023,518,5/9/2023,494,10/10/2023,648
35,SV,SV41,NA,2023,SVBELZ23,,,,,6/2/2023,518,5/9/2023,494,10/10/2023,648
17,JV,JV148,NA,2023,JVC3BIRD,,,,,6/5/2023,521,5/12/2023,497,11/7/2023,676
17,JV,JV170,NA,2023,JVC3RILE,,,,,6/5/2023,521,5/13/2023,498,10/22/2023,660
35,PR,PR34,NA,2023,PRBYNHET,,,,,6/5/2023,521,5/2/2023,487,10/6/2023,644
18,TF,TF102,NA,2023,TF23ALTS,,,,,6/5/2023,521,5/5/2023,490,9/23/2023,631
35,PR,PR8,NA,2023,PRBYNBER,,,,,6/6/2023,522,4/28/2023,483,10/4/2023,642
35,PR,PR23,NA,2023,PRBYNSTR,,,,,6/6/2023,522,4/19/2023,474,10/22/2023,660
35,PR,PR30,NA,2023,PRBYNBER,,,,,6/6/2023,522,4/28/2023,483,10/4/2023,642
35,PR,PR43,NA,2023,PRBYNSTR,,,,,6/6/2023,522,4/19/2023,474,10/22/2023,660
35,PR,PR44,NA,2023,PRBYNSTR,,,,,6/6/2023,522,4/19/2023,474,10/22/2023,660
17,JV,JV163,NA,2023,JVC3MAAS,,,,,6/7/2023,523,5/16/2023,501,11/2/2023,671
18,TF,TF90,NA,2023,TF23GACV,,,,,6/7/2023,523,5/16/2023,501,10/26/2023,664
35,PR,PR16,NA,2023,PRBYNKNG,,,,,6/8/2023,524,5/17/2023,502,10/24/2023,662
35,PR,PR17,NA,2023,PRBYNKNG,,,,,6/8/2023,524,5/17/2023,502,10/24/2023,662
35,PR,PR36,NA,2023,PRBYNKNG,,,,,6/8/2023,524,5/17/2023,502,10/24/2023,662
35,PR,PR38,NA,2023,PRBYNKNG,,,,,6/8/2023,524,5/17/2023,502,10/24/2023,662
17,JV,JV178,NA,2023,JVC3VELL,,,,,6/12/2023,528,5/12/2023,497,11/7/2023,676
17,JV,JV136,NA,2023,JVC3TSHC,,,,,6/13/2023,529,4/14/2023,469,9/30/2023,638
35,PR,PR19,NA,2023,PRBYNMAY,,,,,6/13/2023,529,5/15/2023,500,10/25/2023,663
35,PR,PR40,NA,2023,PRBYNMAY,,,,,6/13/2023,529,5/15/2023,500,10/25/2023,663
18,TF,TF88,NA,2023,TF23GACRS,,,,,6/13/2023,529,5/4/2023,489,10/16/2023,654
35,JV,JV25,NA,2023,JVB3INMA,,,,,6/15/2023,531,5/18/2023,503,10/9/2023,647
35,PR,PR4,NA,2023,PRBYHEAS,,,,,6/15/2023,531,5/13/2023,498,10/26/2023,664
35,PR,PR25,NA,2023,PRBYNTRG,,,,,6/15/2023,531,5/18/2023,503,10/24/2023,662
35,PR,PR46,NA,2023,PRBYNTRG,,,,,6/15/2023,531,5/18/2023,503,10/24/2023,662
35,PR,PR48,NA,2023,PRBYNTRG,,,,,6/15/2023,531,5/18/2023,503,10/24/2023,662
35,SV,SV15,NA,2023,SVBMON23,,,,,6/16/2023,532,5/17/2023,502,10/13/2023,651
35,SV,SV48,NA,2023,SVBMON23,,,,,6/16/2023,532,5/17/2023,502,10/13/2023,651
18,SV,SV150,NA,2023,SVNLAJC23,,,,,6/19/2023,535,5/3/2023,488,9/26/2023,634
18,SV,SV151,NA,2023,SVNLAJC23,,,,,6/19/2023,535,5/3/2023,488,9/26/2023,634
18,SV,SV158,NA,2023,SVNLAJN23,,,,,6/19/2023,535,5/4/2023,489,9/28/2023,636
18,SV,SV159,NA,2023,SVNLAJN23,,,,,6/19/2023,535,5/4/2023,489,9/29/2023,637
18,TF,TF94,NA,2023,TF23GAMOS,,,,,6/20/2023,536,5/9/2023,494,10/9/2023,647
18,TF,TF103,NA,2023,TF23FLGW,,,,,6/21/2023,537,5/9/2023,494,9/18/2023,626
18,SV,SV148,NA,2023,SVNLAEX23,,,,,6/22/2023,538,5/19/2023,504,9/25/2023,633
18,SV,SV149,NA,2023,SVNLAEX23,,,,,6/22/2023,538,5/19/2023,504,9/25/2023,633
18,TF,TF84,NA,2023,TF23GABB,,,,,6/22/2023,538,5/10/2023,495,10/24/2023,662
18,TF,TF86,NA,2023,TF23GABB,,,,,6/22/2023,538,5/10/2023,495,10/23/2023,661
18,TF,TF98,NA,2023,TF23GASH,,,,,6/26/2023,542,5/19/2023,504,10/26/2023,664
18,TF,TF99,NA,2023,TF23GASH,,,,,6/26/2023,542,5/19/2023,504,10/25/2023,663
18,TF,TF100,NA,2023,TF23GAUN,,,,,6/26/2023,542,5/16/2023,501,11/9/2023,678
18,TF,TF101,NA,2023,TF23GAUN,,,,,6/26/2023,542,5/16/2023,501,11/8/2023,677
35,SV,SV8,NA,2023,SVBEEZ23,,,,,6/27/2023,543,6/5/2023,521,10/10/2023,648
18,SV,SV157,NA,2023,SVNMSMD23,,,,,6/29/2023,545,5/22/2023,507,10/20/2023,658
18,SV,SV163,NA,2023,SVNMSWN23,,,,,6/29/2023,545,5/16/2023,501,9/28/2023,636
35,SV,SV14,NA,2023,SVBESV23,,,,,6/30/2023,546,6/5/2023,521,10/10/2023,648
18,SV,SV152,NA,2023,SVNMOSK23,,,,,7/11/2023,557,5/25/2023,510,10/31/2023,669
18,SV,SV153,NA,2023,SVNMOSK23,,,,,7/11/2023,557,5/25/2023,510,10/31/2023,669
18,TF,TF80,NA,2023,TF23ALAT,,,,,7/11/2023,557,5/25/2023,510,11/2/2023,671
18,TF,TF81,NA,2023,TF23ALAT,,,,,7/11/2023,557,5/25/2023,510,11/2/2023,671
18,SV,SV156,NA,2023,SVNMSMC23,,,,,7/21/2023,567,5/30/2023,515,10/26/2023,664
18,TF,TF87,NA,2023,TF23GACR,,,,,9/19/2023,627,5/3/2023,488,10/17/2023,655
18,TF,TF89,NA,2023,TF23GACR,,,,,9/19/2023,627,5/3/2023,488,10/16/2023,654
18,TF,TF93,NA,2023,TF23GAMO,,,,,9/21/2023,629,5/8/2023,493,10/10/2023,648
18,TF,TF95,NA,2023,TF23GAMO,,,,,9/21/2023,629,5/8/2023,493,10/9/2023,647
35,JV,JV6,NA,2022,JVB2XTHF,,,,,,,4/21/2022,111,9/20/2022,263
35,JV,JV7,NA,2022,JVB2XTSH,,,,,,,5/7/2022,127,9/21/2022,264
35,JV,JV16,NA,2022,JVB2XPFG,,,,,,,5/24/2022,144,10/4/2022,277
35,JV,JV17,NA,2022,JVB2BEHM,,,,,,,5/19/2022,139,10/20/2022,293
35,JV,JV18,NA,2022,JVB2COWA,,,,,,,5/14/2022,134,10/9/2022,282
35,JV,JV19,NA,2023,JVB3COWA,,,,,,,4/27/2023,482,10/11/2023,649
35,JV,JV20,NA,2022,JVB2HOYE,,,,,,,5/16/2022,136,10/11/2022,284
35,JV,JV21,NA,2023,JVB3HOYE,,,,,,,5/17/2023,502,10/11/2023,649
35,JV,JV22,NA,2022,JVB2HULL,,,,,,,5/13/2022,133,10/11/2022,284
35,JV,JV23,NA,2023,JVB3HULL,,,,,,,5/3/2023,488,10/8/2023,646
35,JV,JV24,NA,2022,JVB2INMA,,,,,,,5/17/2022,137,10/9/2022,282
35,JV,JV26,NA,2022,JVB2KLIN,,,,,,,5/12/2022,132,10/7/2022,280
35,JV,JV27,NA,2023,JVB3KLIN,,,,,,,5/12/2023,497,10/10/2023,648
35,JV,JV28,NA,2022,JVB2KLIT,,,,,,,5/9/2022,129,10/10/2022,283
35,JV,JV29,NA,2023,JVB3KLIT,,,,,,,5/4/2023,489,10/3/2023,641
35,JV,JV30,NA,2022,JVB2LEYS,,,,,,,5/6/2022,126,10/8/2022,281
35,JV,JV31,NA,2023,JVB3LEYS,,,,,,,5/5/2023,490,10/3/2023,641
35,JV,JV32,NA,2022,JVB2MAAS,,,,,,,5/18/2022,138,10/20/2022,293
35,JV,JV33,NA,2023,JVB3MAAS,,,,,,,5/16/2023,501,10/7/2023,645
35,JV,JV34,NA,2022,JVB2MAHO,,,,,,,5/17/2022,137,10/18/2022,291
35,JV,JV35,NA,2023,JVB3MAHO,,,,,,,5/11/2023,496,10/8/2023,646
35,JV,JV36,NA,2022,JVB2PROC,,,,,,,5/19/2022,139,10/20/2022,293
35,JV,JV37,NA,2023,JVB3PROC,,,,,,,5/22/2023,507,10/10/2023,648
35,JV,JV38,NA,2022,JVB2RILE,,,,,,,5/15/2022,135,10/8/2022,281
35,JV,JV39,NA,2022,JVB2SCHW,,,,,,,5/10/2022,130,10/17/2022,290
35,JV,JV40,NA,2023,JVB3SCHW,,,,,,,4/28/2023,483,10/5/2023,643
35,JV,JV41,NA,2022,JVB2SMIT,,,,,,,5/9/2022,129,10/10/2022,283
35,JV,JV42,NA,2023,JVB3SMIT,,,,,,,5/4/2023,489,10/5/2023,643
17,JV,JV44,NA,2023,JVS23ARS,,,,,,,5/11/2023,496,9/8/2023,616
17,JV,JV49,NA,2022,JVS22JVE,,,,,,,5/9/2022,129,9/7/2022,250
17,JV,JV52,NA,2023,JVC23NIR,,,,,,,5/17/2023,502,9/18/2023,626
17,JV,JV56,NA,2023,JVS23ARS,,,,,,,5/11/2023,496,9/8/2023,616
17,JV,JV62,NA,2022,JVS22JVE,,,,,,,5/9/2022,129,9/14/2022,257
17,JV,JV70,NA,2023,JVC23PDS,,,,,,,5/10/2023,495,10/20/2023,658
17,JV,JV90,NA,2022,JVC2XPAT,,,,,,,5/11/2022,131,10/28/2022,301
17,JV,JV101,NA,2023,JVC3MIN4,,,,,,,5/12/2023,497,10/21/2023,659
17,JV,JV102,NA,2023,JVC23PDS,,,,,,,5/10/2023,495,10/20/2023,658
17,JV,JV106,NA,2022,JVC2XATK,,,,,,,5/19/2022,139,10/19/2022,292
17,JV,JV107,NA,2022,JVC2XB4R,,,,,,,5/21/2022,141,10/26/2022,299
17,JV,JV109,NA,2023,JVC23BUD,,,,,,,4/28/2023,483,9/30/2023,638
17,JV,JV110,NA,2022,JVC22CB4,,,,,,,5/14/2022,134,10/14/2022,287
17,JV,JV119,NA,2022,JVC22NOR,,,,,,,5/22/2022,142,10/24/2022,297
17,JV,JV121,NA,2022,JVC2XPHX,,,,,,,5/16/2022,136,10/23/2022,296
17,JV,JV123,NA,2022,JVC2XPSP,,,,,,,5/19/2022,139,10/24/2022,297
17,JV,JV130,NA,2022,JVC2XTGK,,,,,,,6/1/2022,152,10/27/2022,300
17,JV,JV131,NA,2022,JVC2XTHF,,,,,,,4/21/2022,111,9/29/2022,272
17,JV,JV133,NA,2022,JVC2XTKS,,,,,,,4/29/2022,119,10/3/2022,276
17,JV,JV135,NA,2022,JVC2XTSH,,,,,,,5/7/2022,127,10/6/2022,279
17,JV,JV140,NA,2022,JVC2JART,,,,,,,5/5/2022,125,10/28/2022,301
17,JV,JV141,NA,2023,JVC3JARV,,,,,,,5/5/2023,490,11/15/2023,684
17,JV,JV142,NA,2022,JVC2TIGT,,,,,,,5/11/2022,131,10/22/2022,295
17,JV,JV143,NA,2023,JVC3TIGE,,,,,,,5/10/2023,495,10/20/2023,658
17,JV,JV144,NA,2022,JVC2WYST,,,,,,,5/5/2022,125,10/26/2022,299
17,JV,JV145,NA,2023,JVC3WYSO,,,,,,,5/5/2023,490,10/30/2023,668
17,JV,JV146,NA,2022,JVC2BEHT,,,,,,,5/19/2022,139,11/9/2022,313
17,JV,JV150,NA,2023,JVC3BODE,,,,,,,5/22/2023,507,11/2/2023,671
17,JV,JV151,NA,2022,JVC2BUDS,,,,,,,5/10/2022,130,10/17/2022,290
17,JV,JV153,NA,2022,JVC2ENDS,,,,,,,5/23/2022,143,11/21/2022,325
17,JV,JV155,NA,2023,JVC3HOYE,,,,,,,5/17/2023,502,11/4/2023,673
17,JV,JV157,NA,2023,JVC3INMA,,,,,,,5/5/2023,490,10/21/2023,659
17,JV,JV159,NA,2023,JVC3KLIT,,,,,,,5/4/2023,489,10/17/2023,655
17,JV,JV160,NA,2022,JVC2LART,,,,,,,5/16/2022,136,11/3/2022,307
17,JV,JV161,NA,2023,JVC3LARS,,,,,,,5/11/2023,496,10/30/2023,668
17,JV,JV162,NA,2022,JVC2MAAT,,,,,,,5/18/2022,138,11/3/2022,307
17,JV,JV164,NA,2022,JVC2MCCT,,,,,,,5/7/2022,127,10/29/2022,302
17,JV,JV165,NA,2023,JVC3MCCA,,,,,,,5/3/2023,488,10/18/2023,656
17,JV,JV168,NA,2022,JVC2PROT,,,,,,,5/23/2022,143,11/9/2022,313
17,JV,JV169,NA,2023,JVC3PROC,,,,,,,5/22/2023,507,11/3/2023,672
17,JV,JV171,NA,2022,JVC2ROWT,,,,,,,5/12/2022,132,11/2/2022,306
17,JV,JV172,NA,2023,JVC3ROWN,,,,,,,4/27/2023,482,10/23/2023,661
17,JV,JV173,NA,2022,JVC2SMIT,,,,,,,5/9/2022,129,10/28/2022,301
17,JV,JV174,NA,2023,JVC3SMIT,,,,,,,5/4/2023,489,10/17/2023,655
17,JV,JV175,NA,2022,JVC2URIT,,,,,,,5/17/2022,137,10/30/2022,303
17,JV,JV176,NA,2023,JVC3URIS,,,,,,,5/7/2023,492,10/22/2023,660
17,JV,JV177,NA,2022,JVC2VELT,,,,,,,5/11/2022,131,11/1/2022,305
17,JV,JV180,NA,2023,JVC3WALT,,,,,,,5/7/2023,492,10/19/2023,657
35,PR,PR2,NA,2022,PRBYBUD,,,,,,,5/13/2022,133,10/14/2022,287
35,PR,PR3,NA,2022,PRBYHET2,,,,,,,5/31/2022,151,10/19/2022,292
35,PR,PR5,NA,2022,PRBYR01G,,,,,,,5/10/2022,130,10/6/2022,279
35,PR,PR6,NA,2022,PRBYR02G,,,,,,,6/3/2022,154,10/20/2022,293
35,PR,PR7,NA,2022,PRBYBER,,,,,,,5/13/2022,133,10/19/2022,292
35,PR,PR9,NA,2022,PRBYBUE,,,,,,,5/31/2022,151,10/14/2022,287
35,PR,PR10,NA,2022,PRBYBUL,,,,,,,5/13/2022,133,10/14/2022,287
35,PR,PR11,NA,2022,PRBYDIX,,,,,,,5/9/2022,129,10/21/2022,294
35,PR,PR13,NA,2022,PRBYHET2,,,,,,,5/31/2022,151,10/18/2022,291
35,PR,PR14,NA,2023,PRBYNHET2,,,,,,,6/2/2023,518,10/26/2023,664
35,PR,PR15,NA,2022,PRBYKNG,,,,,,,5/12/2022,132,10/21/2022,294
35,PR,PR18,NA,2022,PRBYMAY,,,,,,,5/14/2022,134,10/17/2022,290
35,PR,PR20,NA,2022,PRBYMIL,,,,,,,5/11/2022,131,10/19/2022,292
35,PR,PR22,NA,2022,PRBYMIL,,,,,,,5/11/2022,131,10/19/2022,292
35,PR,PR24,NA,2022,PRBYTRG,,,,,,,5/17/2022,137,10/10/2022,283
35,PR,PR26,NA,2022,PRBYTRG,,,,,,,5/17/2022,137,10/10/2022,283
35,PR,PR27,NA,2022,PRBYWYM,,,,,,,4/28/2022,118,10/21/2022,294
35,PR,PR29,NA,2022,PRBYBER,,,,,,,5/13/2022,133,10/19/2022,292
35,PR,PR31,NA,2022,PRBYDIX,,,,,,,5/9/2022,129,9/30/2022,273
35,PR,PR33,NA,2022,PRBYHET4,,,,,,,5/10/2022,130,10/5/2022,278
35,PR,PR35,NA,2022,PRBYKNG,,,,,,,5/12/2022,132,10/4/2022,277
35,PR,PR37,NA,2022,PRBYKNG,,,,,,,5/12/2022,132,10/4/2022,277
35,PR,PR39,NA,2022,PRBYMAY,,,,,,,5/14/2022,134,10/17/2022,290
35,PR,PR41,NA,2022,PRBYMIL,,,,,,,5/11/2022,131,10/19/2022,292
35,PR,PR45,NA,2022,PRBYTRG,,,,,,,5/17/2022,137,10/10/2022,283
35,PR,PR47,NA,2022,PRBYTRG,,,,,,,5/17/2022,137,10/10/2022,283
35,PR,PR49,NA,2022,PRBYWYM,,,,,,,4/28/2022,118,10/20/2022,293
35,PR,PR51,NA,2022,PRBYBOKO,,,,,,,5/18/2022,138,10/4/2022,277
35,PR,PR52,NA,2023,PRBYBOKO,,,,,,,5/18/2023,503,10/10/2023,648
35,PR,PR53,NA,2022,PRBYBULL,,,,,,,5/20/2022,140,10/20/2022,293
35,PR,PR54,NA,2023,PRBYBULL,,,,,,,5/6/2023,491,10/6/2023,644
35,PR,PR55,NA,2022,PRBYGALL,,,,,,,5/11/2022,131,10/16/2022,289
35,PR,PR56,NA,2022,PRBYGERK,,,,,,,5/12/2022,132,10/15/2022,288
35,PR,PR57,NA,2023,PRBYGERK,,,,,,,4/24/2023,479,10/2/2023,640
35,PR,PR58,NA,2023,PRBYGLEN,,,,,,,5/23/2023,508,10/24/2023,662
35,PR,PR59,NA,2022,PRBYHUGH,,,,,,,5/12/2022,132,10/7/2022,280
35,PR,PR60,NA,2023,PRBYHUGH,,,,,,,4/19/2023,474,10/23/2023,661
35,PR,PR61,NA,2022,PRBYLUDW,,,,,,,5/19/2022,139,10/18/2022,291
35,PR,PR62,NA,2023,PRBYLUDW,,,,,,,5/11/2023,496,11/2/2023,671
35,PR,PR63,NA,2022,PRBYLYON,,,,,,,5/13/2022,133,10/4/2022,277
35,PR,PR64,NA,2023,PRBYLYON,,,,,,,5/3/2023,488,10/5/2023,643
35,PR,PR65,NA,2022,PRBYMENO,,,,,,,5/20/2022,140,10/14/2022,287
35,PR,PR66,NA,2023,PRBYMENO,,,,,,,5/4/2023,489,10/2/2023,640
35,PR,PR67,NA,2022,PRBYMRTZ,,,,,,,5/19/2022,139,10/10/2022,283
35,PR,PR68,NA,2022,PRBYMURP,,,,,,,5/20/2022,140,10/17/2022,290
35,PR,PR69,NA,2023,PRBYMURP,,,,,,,5/4/2023,489,10/10/2023,648
35,PR,PR70,NA,2022,PRBYPECK,,,,,,,5/20/2022,140,10/14/2022,287
35,PR,PR71,NA,2023,PRBYPECK,,,,,,,5/4/2023,489,10/9/2023,647
35,PR,PR72,NA,2022,PRBYRICH,,,,,,,5/19/2022,139,10/5/2022,278
35,PR,PR73,NA,2023,PRBYRICH,,,,,,,5/24/2023,509,10/4/2023,642
35,PR,PR74,NA,2022,PRBYSHLR,,,,,,,5/11/2022,131,10/7/2022,280
35,PR,PR75,NA,2023,PRBYSHLR,,,,,,,4/29/2023,484,10/12/2023,650
35,PR,PR76,NA,2022,PRBYTRAU,,,,,,,5/19/2022,139,10/18/2022,291
35,PR,PR77,NA,2023,PRBYTRAU,,,,,,,4/29/2023,484,10/18/2023,656
35,PR,PR78,NA,2023,PRBYYOUN,,,,,,,5/25/2023,510,10/9/2023,647
17,PR,PR82,NA,2023,PRCBPR4B,,,,,,,5/18/2023,503,10/2/2023,640
17,PR,PR83,NA,2022,PRCB1HETR,,,,,,,5/19/2022,139,10/19/2022,292
17,PR,PR84,NA,2022,PRCY2KIN,,,,,,,5/12/2022,132,10/9/2022,282
17,PR,PR85,NA,2023,PRCY2KIN,,,,,,,5/13/2023,498,10/18/2023,656
17,PR,PR86,NA,2023,PRCYBEER,,,,,,,5/3/2023,488,10/22/2023,660
17,PR,PR106,NA,2023,PRCYBEER,,,,,,,5/3/2023,488,10/23/2023,661
17,PR,PR107,NA,2023,PRCY4BOC,,,,,,,5/11/2023,496,11/8/2023,677
17,PR,PR113,NA,2023,PRCY4GRO,,,,,,,5/11/2023,496,11/7/2023,676
17,PR,PR123,NA,2023,PRCY4MON,,,,,,,5/6/2023,491,11/9/2023,678
17,PR,PR124,NA,2022,PRCYSHAR,,,,,,,5/14/2022,134,10/13/2022,286
17,PR,PR125,NA,2023,PRCY4SHA,,,,,,,5/17/2023,502,11/2/2023,671
17,PR,PR126,NA,2023,PRCY4WIL,,,,,,,5/11/2023,496,10/17/2023,655
17,PR,PR127,NA,2022,PRCYBLUN,,,,,,,5/12/2022,132,10/6/2022,279
17,PR,PR128,NA,2022,PRCYBOCK,,,,,,,5/12/2022,132,10/19/2022,292
17,PR,PR132,NA,2022,PRCYDAUS,,,,,,,5/16/2022,136,10/27/2022,300
17,PR,PR134,NA,2022,PRCYDUBO,,,,,,,5/11/2022,131,9/28/2022,271
17,PR,PR135,NA,2023,PRCYNERD,,,,,,,5/5/2023,490,9/25/2023,633
17,PR,PR146,NA,2022,PRCYRINK,,,,,,,5/14/2022,134,10/8/2022,281
17,PR,PR148,NA,2022,PRCYSCHU,,,,,,,5/11/2022,131,10/5/2022,278
17,PR,PR149,NA,2022,PRCYSWAR,,,,,,,5/14/2022,134,10/1/2022,274
17,PR,PR150,NA,2022,PRCYWILL,,,,,,,5/13/2022,133,10/28/2022,301
9,RV,RV1,NA,2022,BOREASA,,,,,,,3/22/2022,81,7/5/2022,186
9,RV,RV2,NA,2022,BOREASB,,,,,,,3/22/2022,81,7/11/2022,192
9,RV,RV3,NA,2023,RVSB02FB23AN,,,,,,,4/4/2023,459,7/10/2023,556
9,RV,RV4,NA,2023,RVSB02FB23BN,,,,,,,4/4/2023,459,7/11/2023,557
9,RV,RV5,NA,2023,RVSB02FSCASN,,,,,,,8/23/2023,600,12/23/2023,722
9,RV,RV6,NA,2022,RVRR92,,,,,,,3/15/2022,74,7/9/2022,190
9,RV,RV7,NA,2022,RVRR93,,,,,,,3/16/2022,75,7/19/2022,200
9,RV,RV8,NA,2022,RVRR94,,,,,,,3/17/2022,76,7/13/2022,194
9,RV,RV9,NA,2022,RVRR96,,,,,,,3/18/2022,77,7/22/2022,203
9,RV,RV10,NA,2022,RVTT82,,,,,,,3/19/2022,78,7/15/2022,196
9,RV,RV11,NA,2022,RV2273N,,,,,,,3/30/2022,89,7/27/2022,208
9,RV,RV12,NA,2022,RV2274N,,,,,,,3/24/2022,83,7/19/2022,200
9,RV,RV13,NA,2023,RVSY02N2271N,,,,,,,3/21/2023,445,7/15/2023,561
9,RV,RV14,NA,2023,RVSY02N2373N,,,,,,,3/3/2023,427,7/12/2023,558
9,RV,RV15,NA,2022,RVRR91,,,,,,,3/20/2022,79,7/2/2022,183
9,RV,RV16,NA,2023,RVSY02FRR92N,,,,,,,2/26/2023,422,6/26/2023,542
9,RV,RV17,NA,2023,RVSY02FRR93N,,,,,,,3/5/2023,429,6/24/2023,540
9,RV,RV18,NA,2023,RVSY02FRR94N,,,,,,,2/26/2023,422,6/29/2023,545
9,RV,RV19,NA,2022,RVRR95,,,,,,,3/13/2022,72,6/28/2022,179
9,RV,RV20,NA,2023,RVSY02FRR96N,,,,,,,3/4/2023,428,7/1/2023,547
9,RV,RV21,NA,2023,RVSY02NRR98N,,,,,,,2/27/2023,423,7/9/2023,555
9,RV,RV22,NA,2022,RVTT81,,,,,,,3/19/2022,78,7/1/2022,182
9,RV,RV23,NA,2023,RVSY02NTT81N,,,,,,,3/7/2023,431,6/30/2023,546
9,RV,RV24,NA,2023,RVSY02FTT82N,,,,,,,2/28/2023,424,6/28/2023,544
9,RV,RV25,NA,2022,RVRR93,,,,,,,3/16/2022,75,7/18/2022,199
9,RV,RV26,NA,2022,RVRR94,,,,,,,3/18/2022,77,7/14/2022,195
9,RV,RV27,NA,2023,RVSY02N2271N,,,,,,,3/21/2023,445,7/15/2023,561
9,RV,RV28,NA,2023,RVSY02N2373N,,,,,,,3/3/2023,427,7/11/2023,557
9,RV,RV29,NA,2023,RVSY02FRR92N,,,,,,,2/26/2023,422,6/27/2023,543
9,RV,RV30,NA,2023,RVSY02FRR93N,,,,,,,3/5/2023,429,6/24/2023,540
9,RV,RV31,NA,2023,RVSY02FRR94N,,,,,,,2/26/2023,422,6/29/2023,545
9,RV,RV32,NA,2023,RVSY02FRR96N,,,,,,,3/4/2023,428,7/1/2023,547
9,RV,RV33,NA,2023,RVSY02NRR98N,,,,,,,2/27/2023,423,7/9/2023,555
9,RV,RV34,NA,2022,RVTT81,,,,,,,3/19/2022,78,7/1/2022,182
9,RV,RV35,NA,2023,RVSY02NTT81N,,,,,,,3/7/2023,431,6/30/2023,546
9,RV,RV36,NA,2023,RVSY02FTT82N,,,,,,,2/28/2023,424,6/28/2023,544
9,RV,RV37,NA,2022,RVSY08N2222N,,,,,,,3/19/2022,78,7/15/2022,196
9,RV,RV38,NA,2022,RVSY08F2232N,,,,,,,3/14/2022,73,7/7/2022,188
9,RV,RV39,NA,2022,RVSY08F2233N,,,,,,,3/16/2022,75,7/16/2022,197
9,RV,RV40,NA,2022,RVSY08F2234N,,,,,,,3/18/2022,77,7/11/2022,192
9,RV,RV41,NA,2022,RVSY08F2236N,,,,,,,3/18/2022,77,7/20/2022,201
9,RV,RV42,NA,2022,RVSY08N2231N,,,,,,,3/20/2022,79,7/2/2022,183
9,RV,RV43,NA,2022,RVSY08N2235N,,,,,,,3/12/2022,71,6/28/2022,179
9,RV,RV44,NA,2022,RVSY08N2237N,,,,,,,3/19/2022,78,6/30/2022,181
9,RV,RV45,NA,2023,RVSY08N2302N,,,,,,,3/9/2023,433,7/8/2023,554
9,RV,RV46,NA,2023,RVSY08N2303N,,,,,,,3/2/2023,426,7/7/2023,553
9,RV,RV47,NA,2023,RVSY08N2306N,,,,,,,3/3/2023,427,7/3/2023,549
9,RV,RV48,NA,2023,RVSY08N2307N,,,,,,,3/5/2023,429,7/7/2023,553
9,RV,RV49,NA,2023,RVSY08N2370N,,,,,,,3/27/2023,451,7/26/2023,572
9,RV,RV50,NA,2023,RVSY08N2371N,,,,,,,3/21/2023,445,7/16/2023,562
9,RV,RV51,NA,2023,RVSY08N2373N,,,,,,,3/3/2023,427,7/12/2023,558
9,RV,RV52,NA,2023,RVSY08N2374N,,,,,,,3/25/2023,449,7/18/2023,564
9,RV,RV53,NA,2023,RVSY08N2375N,,,,,,,3/26/2023,450,7/24/2023,570
9,RV,RV54,NA,2023,RVSY08FRR92N,,,,,,,2/26/2023,422,6/27/2023,543
9,RV,RV55,NA,2023,RVSY08FRR93N,,,,,,,3/5/2023,429,6/25/2023,541
9,RV,RV56,NA,2023,RVSY08FRR94N,,,,,,,2/25/2023,421,6/29/2023,545
9,RV,RV57,NA,2023,RVSY08FRR96N,,,,,,,3/3/2023,427,7/1/2023,547
9,RV,RV58,NA,2023,RVSY08NRR98N,,,,,,,2/27/2023,423,7/10/2023,556
9,RV,RV59,NA,2023,RVSY08NTT81N,,,,,,,3/6/2023,430,6/30/2023,546
9,RV,RV60,NA,2023,RVSY08FTT82N,,,,,,,2/28/2023,424,6/28/2023,544
35,SV,SV1,NA,2023,SVBS4GHR23,,,,,,,6/26/2023,542,10/17/2023,655
35,SV,SV2,NA,2022,SV-CAR-Soy22,,,,,,,5/5/2022,125,9/24/2022,267
35,SV,SV4,NA,2022,SV-CLK-Soy22,,,,,,,5/4/2022,124,10/4/2022,277
35,SV,SV5,NA,2022,SV-DUM-Soy22,,,,,,,5/2/2022,122,9/28/2022,271
35,SV,SV7,NA,2022,SV-02EEZ-Soy22,,,,,,,5/12/2022,132,10/11/2022,284
35,SV,SV9,NA,2022,SV-ELZ-Soy22,,,,,,,5/10/2022,130,10/6/2022,279
35,SV,SV11,NA,2022,SV-02EMO-Soy22,,,,,,,5/17/2022,137,10/10/2022,283
35,SV,SV12,NA,2023,SVBEMO23,,,,,,,6/2/2023,518,10/13/2023,651
35,SV,SV13,NA,2022,SV-02ESV-Soy22,,,,,,,5/24/2022,144,10/13/2022,286
35,SV,SV16,NA,2023,SVBNAGRR23,,,,,,,5/15/2023,500,9/12/2023,620
35,SV,SV17,NA,2022,SVB-NBCRR,,,,,,,5/13/2022,133,10/8/2022,281
35,SV,SV18,NA,2022,SVB-NICAR,,,,,,,5/13/2022,133,10/8/2022,281
35,SV,SV19,NA,2022,SVB-NSATX,,,,,,,4/27/2022,117,10/7/2022,280
35,SV,SV20,NA,2023,SVBNSATX23,,,,,,,5/15/2023,500,10/18/2023,656
35,SV,SV21,NA,2023,SVB02S4GHR23,,,,,,,6/26/2023,542,10/17/2023,655
35,SV,SV22,NA,2023,SVBSAGRR,,,,,,,5/18/2023,503,10/17/2023,655
35,SV,SV23,NA,2022,SVB-SBCRR,,,,,,,5/16/2022,136,10/20/2022,293
35,SV,SV25,NA,2022,SVB-SSATX,,,,,,,4/27/2022,117,10/18/2022,291
35,SV,SV26,NA,2023,SVBSSATX23,,,,,,,5/15/2023,500,10/16/2023,654
35,SV,SV27,NA,2022,SV-SVL-Soy22,,,,,,,4/28/2022,118,10/8/2022,281
35,SV,SV28,NA,2023,SVB02SVL,,,,,,,5/4/2023,489,10/3/2023,641
35,SV,SV29,NA,2022,SV-VDL-Soy22,,,,,,,5/10/2022,130,9/30/2022,273
35,SV,SV31,NA,2023,SVBLET23,,,,,,,5/4/2023,489,10/2/2023,640
35,SV,SV32,NA,2022,SV-BEL-Soy22,,,,,,,4/29/2022,119,9/22/2022,265
35,SV,SV33,NA,2023,SVBBIOXT23,,,,,,,5/15/2023,500,10/18/2023,656
35,SV,SV34,NA,2022,SV-CAR-Soy22,,,,,,,5/5/2022,125,9/25/2022,268
35,SV,SV36,NA,2022,SV-CLK-Soy22,,,,,,,5/4/2022,124,10/3/2022,276
35,SV,SV37,NA,2022,SV-DUM-Soy22,,,,,,,5/2/2022,122,9/29/2022,272
35,SV,SV39,NA,2022,SV-04EEZ-Soy22,,,,,,,5/12/2022,132,10/12/2022,285
35,SV,SV40,NA,2022,SV-ELZ-Soy22,,,,,,,5/10/2022,130,10/12/2022,285
35,SV,SV42,NA,2022,SV-04EMO-Soy22,,,,,,,5/17/2022,137,10/10/2022,283
35,SV,SV44,NA,2022,SV-04ESV-Soy22,,,,,,,5/13/2022,133,10/13/2022,286
35,SV,SV45,NA,2022,SV-VDL-Soy22,,,,,,,5/10/2022,130,9/30/2022,273
35,SV,SV46,NA,2022,SVBY04FLMS1T,,,,,,,6/10/2022,161,10/21/2022,294
35,SV,SV47,NA,2022,SVBY04FLMS2T,,,,,,,6/24/2022,175,10/21/2022,294
35,SV,SV49,NA,2022,SV-SHE-Soy22,,,,,,,4/28/2022,118,10/5/2022,278
35,SV,SV51,NA,2022,SV-SVL-Soy22,,,,,,,4/27/2022,117,10/14/2022,287
35,SV,SV52,NA,2023,SVBSVL23,,,,,,,5/4/2023,489,10/4/2023,642
35,SV,SV53,NA,2022,SV-VDL-Soy22,,,,,,,5/10/2022,130,9/28/2022,271
35,SV,SV55,NA,2022,SV-LET-Soy22,,,,,,,4/11/2022,101,9/14/2022,257
35,SV,SV56,NA,2023,SVBLET23,,,,,,,5/4/2023,489,10/2/2023,640
35,SV,SV57,NA,2023,SVBY08FAT08T,,,,,,,5/4/2023,489,9/26/2023,634
35,SV,SV58,NA,2023,SVBY08FCP05T,,,,,,,4/25/2023,480,9/21/2023,629
35,SV,SV59,NA,2023,SVBY08FCS17T,,,,,,,4/13/2023,468,9/14/2023,622
35,SV,SV60,NA,2023,SVBY08FES18T,,,,,,,5/17/2023,502,10/13/2023,651
35,SV,SV61,NA,2023,SVBY08FHH03T,,,,,,,4/17/2023,472,9/7/2023,615
35,SV,SV62,NA,2023,SVBY08FJL04T,,,,,,,5/1/2023,486,9/11/2023,619
35,SV,SV63,NA,2023,SVBY08FKB02T,,,,,,,4/25/2023,480,9/18/2023,626
35,SV,SV64,NA,2023,SVBY08FPC10T,,,,,,,4/18/2023,473,9/12/2023,620
35,SV,SV65,NA,2023,SVBY08FPC09T,,,,,,,5/11/2023,496,9/28/2023,636
35,SV,SV66,NA,2023,SVBY08FPC11T,,,,,,,4/17/2023,472,9/18/2023,626
35,SV,SV67,NA,2023,SVBY08FPC12T,,,,,,,5/3/2023,488,9/11/2023,619
35,SV,SV68,NA,2023,SVBY08FPC13T,,,,,,,5/18/2023,503,9/27/2023,635
35,SV,SV69,NA,2023,SVBY08FPC14T,,,,,,,4/19/2023,474,9/20/2023,628
35,SV,SV70,NA,2023,SVBY08FPC15T,,,,,,,5/4/2023,489,9/8/2023,616
35,SV,SV71,NA,2023,SVBY08FPG07T,,,,,,,5/4/2023,489,10/2/2023,640
35,SV,SV72,NA,2023,SVBY08FSY19T,,,,,,,4/14/2023,469,8/31/2023,608
35,SV,SV73,NA,2023,SVBYO8FPC16T,,,,,,,5/8/2023,493,9/19/2023,627
35,SV,SV74,NA,2023,SVBY08FTP01T,,,,,,,4/14/2023,469,9/20/2023,628
35,SV,SV75,NA,2023,SVBY08FWP06T,,,,,,,4/18/2023,473,9/7/2023,615
17,SV,SV76,NA,2023,SVCB01FCEW2R,,,,,,,6/20/2023,536,9/18/2023,626
17,SV,SV77,NA,2023,SVCB01FFAWRR,,,,,,,8/3/2023,580,9/18/2023,626
17,SV,SV78,NA,2023,SVCB01FSWCBR,,,,,,,5/3/2023,488,9/18/2023,626
17,SV,SV79,NA,2022,SVC-CAR-Corn22,,,,,,,4/12/2022,102,9/14/2022,257
17,SV,SV81,NA,2022,SVC-CLK-Corn22,,,,,,,4/28/2022,118,9/8/2022,251
17,SV,SV82,NA,2022,SVC-EPP-Corn22,,,,,,,3/29/2022,88,8/16/2022,228
17,SV,SV86,NA,2023,SVCGWD,,,,,,,4/12/2023,467,8/15/2023,592
17,SV,SV88,NA,2023,SVCY02FNF2RR,,,,,,,5/3/2023,488,9/8/2023,616
17,SV,SV90,NA,2023,SVCY02FSF2RR,,,,,,,5/3/2023,488,9/6/2023,614
17,SV,SV92,NA,2022,SV-SVL-CORN22,,,,,,,4/9/2022,99,8/19/2022,231
17,SV,SV93,NA,2023,SVC2SVL23,,,,,,,4/20/2023,475,8/19/2023,596
17,SV,SV94,NA,2022,SVC-VDL-Corn22,,,,,,,3/28/2022,87,8/16/2022,228
17,SV,SV96,NA,2022,SVC-ELZ-Corn22,,,,,,,4/12/2022,102,8/20/2022,232
17,SV,SV98,NA,2022,SVC-SHE-Corn22,,,,,,,4/11/2022,101,8/27/2022,239
17,SV,SV99,NA,2022,SV-SVC-AGYRR,,,,,,,5/4/2022,124,9/9/2022,252
17,SV,SV100,NA,2022,SVC-CAR-Corn22,,,,,,,4/25/2022,115,9/14/2022,257
17,SV,SV102,NA,2022,SVC-CLK-Corn22,,,,,,,4/28/2022,118,9/8/2022,251
17,SV,SV103,NA,2023,SVCECAL,,,,,,,4/19/2023,474,8/4/2023,581
17,SV,SV104,NA,2023,SVCNFSW23,,,,,,,5/8/2023,493,8/31/2023,608
17,SV,SV105,NA,2022,SVC-EPP-Corn22,,,,,,,3/29/2022,88,8/16/2022,228
17,SV,SV109,NA,2023,SVCGWD,,,,,,,4/12/2023,467,8/16/2023,593
17,SV,SV110,NA,2022,SVCY04FLMM1T,,,,,,,6/3/2022,154,9/16/2022,259
17,SV,SV111,NA,2022,SVCY04FLMM2T,,,,,,,6/17/2022,168,9/16/2022,259
17,SV,SV112,NA,2022,SVC-SVMDO-22,,,,,,,4/9/2022,99,8/17/2022,229
17,SV,SV114,NA,2022,SV-SVC-NBIOR,,,,,,,5/4/2022,124,9/9/2022,252
17,SV,SV115,NA,2023,SVCY04FNF4RR,,,,,,,5/3/2023,488,9/8/2023,616
17,SV,SV116,NA,2023,SVELSW23,,,,,,,5/2/2023,487,9/1/2023,609
17,SV,SV118,NA,2023,SVCSCAL23,,,,,,,4/20/2023,475,8/16/2023,593
17,SV,SV119,NA,2023,SVCY04FSF4RR,,,,,,,5/3/2023,488,9/6/2023,614
17,SV,SV121,NA,2023,SVC4SVL23,,,,,,,4/20/2023,475,8/31/2023,608
17,SV,SV122,NA,2022,SVC-VDL-Corn22,,,,,,,3/28/2022,87,8/16/2022,228
17,SV,SV124,NA,2022,SVC-ELZ-Corn22,,,,,,,4/29/2022,119,8/30/2022,242
17,SV,SV126,NA,2023,SVCEPOP23,,,,,,,5/9/2023,494,8/31/2023,608
17,SV,SV127,NA,2022,SVC-SHE-Corn22,,,,,,,4/11/2022,101,9/1/2022,244
17,SV,SV129,NA,2023,SVCY08FJL04T,,,,,,,3/14/2023,438,8/4/2023,581
17,SV,SV130,NA,2023,SVCY08FKB02T,,,,,,,3/8/2023,432,8/10/2023,587
17,SV,SV131,NA,2023,SVCY08FMW07T,,,,,,,3/10/2023,434,8/17/2023,594
17,SV,SV133,NA,2023,SVCY08FSV09T,,,,,,,3/7/2023,431,8/3/2023,580
17,SV,SV134,NA,2023,SVCY08FSY13T,,,,,,,3/21/2023,445,8/16/2023,593
17,SV,SV135,NA,2023,SVCY08FTB06T,,,,,,,3/8/2023,432,8/11/2023,588
17,SV,SV136,NA,2023,SVCY08FTD08T,,,,,,,4/12/2023,467,8/15/2023,592
17,SV,SV137,NA,2023,SVCY08FWK12T,,,,,,,3/29/2023,453,8/29/2023,606
17,SV,SV138,NA,2023,SVCY08NPG05T,,,,,,,3/7/2023,431,8/4/2023,581
18,SV,SV139,NA,2023,SVNB01FNLEPR,,,,,,,6/22/2023,538,9/19/2023,627
18,SV,SV143,NA,2023,SVNARLC24,,,,,,,5/23/2023,508,10/11/2023,649
18,SV,SV144,NA,2023,SVNARLC24,,,,,,,5/23/2023,508,10/10/2023,648
18,SV,SV145,NA,2023,SVNARMN23,,,,,,,5/22/2023,507,10/19/2023,657
18,SV,SV146,NA,2023,SVNARMRS23,,,,,,,5/23/2023,508,10/24/2023,662
18,SV,SV147,NA,2023,SVNARMN23,,,,,,,5/22/2023,507,10/25/2023,663
18,SV,SV154,NA,2023,SVNMS05S23,,,,,,,5/16/2023,501,10/26/2023,664
18,SV,SV155,NA,2023,SVNYMS07N23,,,,,,,5/16/2023,501,10/23/2023,661
18,SV,SV160,NA,2023,SVNMSC2S23,,,,,,,5/24/2023,509,10/17/2023,655
18,SV,SV161,NA,2023,SVNMSCL23,,,,,,,5/26/2023,511,10/14/2023,652
18,SV,SV162,NA,2023,SVNMSCL23,,,,,,,5/26/2023,511,10/13/2023,651
18,SV,SV164,NA,2023,SVNCLK3S23,,,,,,,5/24/2023,509,10/17/2023,655
18,SV,SV165,NA,2023,SVNARMRS23,,,,,,,5/23/2023,508,10/19/2023,657
18,SV,SV166,NA,2023,SVNSAT1X23,,,,,,,5/19/2023,504,10/25/2023,663
18,SV,SV167,NA,2023,SVNSAT2X23,,,,,,,6/2/2023,518,10/24/2023,662
18,SV,SV168,NA,2023,SVNW3EXX23,,,,,,,5/19/2023,504,10/25/2023,663
18,SV,SV169,NA,2023,SVNW3FEX23,,,,,,,5/19/2023,504,10/24/2023,662
35,TF,TF1,NA,2022,TF22SOYC,,,,,,,3/30/2022,89,7/28/2022,209
35,TF,TF2,NA,2022,TF22GD3,,,,,,,5/12/2022,132,9/22/2022,265
35,TF,TF3,NA,2023,TF23GD3S,,,,,,,5/8/2023,493,9/19/2023,627
35,TF,TF4,NA,2022,TF22GD9,,,,,,,5/12/2022,132,10/19/2022,292
35,TF,TF5,NA,2023,TF23GD9S,,,,,,,5/8/2023,493,10/18/2023,656
35,TF,TF6,NA,2022,TF223RT,,,,,,,5/2/2022,122,9/21/2022,264
35,TF,TF7,NA,2023,TF23TOMS,,,,,,,4/25/2023,480,9/11/2023,619
35,TF,TF8,NA,2022,TF22WRT,,,,,,,5/9/2022,129,10/19/2022,292
35,TF,TF9,NA,2023,TF23WRTS,,,,,,,5/10/2023,495,10/19/2023,657
17,TF,TF11,NA,2022,TF22COM1,,,,,,,3/7/2022,66,8/23/2022,235
17,TF,TF12,NA,2022,TF22COM2,,,,,,,4/5/2022,95,8/23/2022,235
17,TF,TF26,NA,2023,TF23REGW,,,,,,,4/27/2023,482,8/28/2023,605
17,TF,TF27,NA,2022,TF22TIS,,,,,,,3/7/2022,66,8/23/2022,235
17,TF,TF50,NA,2023,TF23REGW,,,,,,,4/27/2023,482,8/28/2023,605
17,TF,TF64,NA,2022,TF22ADM,,,,,,,3/30/2022,89,8/3/2022,215
17,TF,TF67,NA,2023,TF23HEG,,,,,,,4/12/2023,467,8/23/2023,600
17,TF,TF76,NA,2022,TF22WIL,,,,,,,4/4/2022,94,8/15/2022,227
17,TF,TF77,NA,2023,TF23WIL,,,,,,,4/14/2023,469,8/22/2023,599
17,TF,TF78,NA,2022,TF22WDR,,,,,,,4/10/2022,100,8/4/2022,216
18,TF,TF82,NA,2023,TF23ALHDN,,,,,,,5/30/2023,515,10/31/2023,669
18,TF,TF83,NA,2023,TF23ALHDT,,,,,,,5/30/2023,515,11/1/2023,670
18,TF,TF85,NA,2023,TF23GABBS,,,,,,,5/10/2023,495,10/23/2023,661
18,TF,TF91,NA,2023,TF23GADG,,,,,,,5/15/2023,500,10/26/2023,664
18,TF,TF92,NA,2023,TF23GADG,,,,,,,5/15/2023,500,10/26/2023,664
18,TF,TF96,NA,2023,TF23GAMV,,,,,,,5/17/2023,502,11/7/2023,676
18,TF,TF97,NA,2023,TF23GAMV,,,,,,,5/17/2023,502,11/6/2023,675
